age,total_orders,total_quantity,total_revenue,avg_order_value,total_cost,total_profit,avg_profit_margin,avg_discount_percent,total_discount_amount,avg_loyalty_score,original_total_orders_by_customer,avg_product_rating,avg_product_reviews,avg_delivery_days,avg_shipping_cost,avg_customer_rating,avg_session_duration,avg_pages_visited,avg_fraud_risk,weekend_order_rate,installment_plan_rate,coupon_used_rate,abandoned_cart_rate,support_ticket_rate,customer_tenure_days,days_since_last_order,active_customer_days,order_frequency,revenue_per_order,profit_per_order,revenue_per_day,profit_margin_real,gender_Male,customer_segment_Regular,customer_segment_VIP,country_Belgium,country_Canada,country_France,country_Germany,country_Italy,country_Netherlands,country_Spain,country_United Kingdom,country_United States,city_Amsterdam,city_Antwerp,city_Barcelona,city_Berlin,city_Bilbao,city_Birmingham,city_Brisbane,city_Bruges,city_Brussels,city_Calgary,city_Chicago,city_Cologne,city_Eindhoven,city_Florence,city_Frankfurt,city_Ghent,city_Glasgow,city_Hamburg,city_Houston,city_Leeds,city_Liege,city_London,city_Los Angeles,city_Lyon,city_Madrid,city_Manchester,city_Marseille,city_Melbourne,city_Milan,city_Montreal,city_Munich,city_Naples,city_New York,city_Nice,city_Ottawa,city_Paris,city_Perth,city_Phoenix,city_Rome,city_Rotterdam,city_Seville,city_Sydney,city_The Hague,city_Toronto,city_Toulouse,city_Turin,city_Utrecht,city_Valencia,city_Vancouver,main_order_status_Completed,main_order_status_Pending,main_order_status_Processing,main_order_status_Returned,main_payment_method_Bank Transfer,main_payment_method_Credit Card,main_payment_method_Debit Card,main_payment_method_PayPal,main_payment_status_Paid,main_payment_status_Pending,main_shipping_method_Express,main_shipping_method_Next Day,main_shipping_method_Standard,main_delivery_status_Failed,main_delivery_status_In Transit,main_delivery_status_Pending,main_review_sentiment_Neutral,main_review_sentiment_Positive,main_campaign_source_Email,main_campaign_source_Facebook,main_campaign_source_Google Ads,main_campaign_source_Instagram,main_campaign_source_Organic,main_device_type_Mobile,main_device_type_Tablet,main_traffic_source_Email,main_traffic_source_Referral,main_traffic_source_Search,main_traffic_source_Social,main_category_Electronics,main_category_Health,main_category_Home,main_category_Sports,main_sub_category_Appliances,main_sub_category_Audio,main_sub_category_Bedding,main_sub_category_Cameras,main_sub_category_Decor,main_sub_category_Fitness,main_sub_category_Furniture,main_sub_category_Gym Equipment,main_sub_category_Kids Wear,main_sub_category_Kitchen,main_sub_category_Laptops,main_sub_category_Medical Devices,main_sub_category_Mens Wear,main_sub_category_Outdoor,main_sub_category_Personal Care,main_sub_category_Shoes,main_sub_category_Smartphones,main_sub_category_Sports Wear,main_sub_category_Supplements,main_sub_category_Tablets,main_sub_category_Womens Wear,main_brand_Anker,main_brand_Apple,main_brand_Asus,main_brand_Baseus,main_brand_Canon,main_brand_Dell,main_brand_Fitbit,main_brand_GoPro,main_brand_HP,main_brand_Huawei,main_brand_JBL,main_brand_Lenovo,main_brand_Logitech,main_brand_Nike,main_brand_Nikon,main_brand_Philips,main_brand_Samsung,main_brand_Sony,main_brand_Xiaomi,main_order_priority_Low,main_order_priority_Medium
30,1,4,129.58,129.58,76.72,52.86,40.79,5.0,6.82,29.6,38,3.9,437.0,14.0,19.68,5.0,44.8,8.0,92.2,1.0,1.0,1.0,1.0,1.0,1610,478,1,1.0,129.58,52.86,0.08048447204968945,0.4079333230436795,False,False,False,False,False,False,False,False,False,False,True,False,False,False,False,False,False,False,False,False,False,False,False,False,False,False,False,False,False,False,False,False,False,False,False,False,False,True,False,False,False,False,False,False,False,False,False,False,False,False,False,False,False,False,False,False,False,False,False,False,False,True,False,False,False,True,False,False,False,True,False,False,True,False,False,False,False,False,True,False,False,True,False,False,False,True,True,False,False,False,False,False,False,True,False,False,False,False,False,False,False,False,False,False,False,False,False,True,False,False,False,False,False,False,False,False,False,True,False,False,False,False,False,False,False,False,False,False,False,False,False,False,False,False,False,True
52,1,1,41.06,41.06,27.22,13.84,33.71,10.0,4.56,52.4,9,3.5,1754.0,5.0,5.63,1.0,31.2,10.0,43.3,0.0,0.0,1.0,1.0,0.0,1136,537,1,1.0,41.06,13.84,0.0361443661971831,0.3370677057963955,True,False,False,False,False,False,False,False,True,False,False,False,False,False,False,False,False,False,False,False,False,False,False,False,False,False,False,False,False,False,False,False,False,False,False,False,False,False,False,False,False,False,False,False,False,False,False,False,False,False,False,False,False,False,True,False,False,False,False,False,False,True,False,False,False,False,True,False,False,True,False,False,False,False,False,False,False,False,False,False,True,False,False,False,False,True,True,False,False,False,False,True,False,False,False,False,False,False,False,True,False,False,False,False,False,False,False,False,False,False,False,False,False,False,False,True,False,False,False,False,False,False,False,False,False,False,False,False,False,False,False,False,False,False,True,False
22,1,5,131.85,131.85,68.75,63.1,47.86,0.0,0.0,17.9,13,4.1,1885.0,5.0,10.25,1.0,52.8,5.0,26.9,0.0,1.0,1.0,1.0,1.0,839,727,1,1.0,131.85,63.1,0.1571513706793802,0.478574137277209,False,True,False,True,False,False,False,False,False,False,False,False,False,False,False,False,False,False,False,False,True,False,False,False,False,False,False,False,False,False,False,False,False,False,False,False,False,False,False,False,False,False,False,False,False,False,False,False,False,False,False,False,False,False,False,False,False,False,False,False,False,True,False,False,False,False,False,False,False,True,False,False,True,False,False,False,False,False,False,False,False,False,False,True,False,True,False,False,False,True,False,False,False,False,False,False,False,False,False,False,False,False,False,False,False,False,False,False,False,False,False,False,False,False,False,False,False,False,False,False,False,False,False,False,False,False,False,False,False,True,False,False,False,False,True,False
40,1,3,599.5,599.5,380.91,218.59,36.46,5.0,31.55,91.8,25,3.4,165.0,4.0,3.34,2.0,53.1,3.0,38.9,1.0,0.0,1.0,0.0,0.0,1693,409,1,1.0,599.5,218.59,0.35410513880685174,0.3646205170975813,True,False,False,False,False,False,False,True,False,False,False,False,False,False,False,False,False,False,False,False,False,False,False,False,False,False,False,False,False,False,False,False,False,False,False,False,False,False,False,False,False,False,False,False,False,False,False,False,False,False,False,False,False,False,False,False,False,True,False,False,False,True,False,False,False,True,False,False,False,True,False,False,False,False,False,True,False,False,False,False,False,False,True,False,True,False,True,False,False,False,False,False,True,False,False,False,True,False,False,False,False,False,False,False,False,False,False,False,False,False,False,False,False,False,False,False,False,False,False,False,False,False,False,True,False,False,False,False,False,False,False,False,False,False,False,True
20,1,5,497.21,497.21,379.9,117.31,23.59,15.0,87.74,57.4,4,3.6,2227.0,7.0,13.78,4.0,18.6,15.0,66.0,0.0,0.0,0.0,1.0,0.0,885,588,1,1.0,497.21,117.31,0.561819209039548,0.23593652581404237,True,True,False,False,False,False,True,False,False,False,False,False,False,False,False,True,False,False,False,False,False,False,False,False,False,False,False,False,False,False,False,False,False,False,False,False,False,False,False,False,False,False,False,False,False,False,False,False,False,False,False,False,False,False,False,False,False,False,False,False,False,True,False,False,False,False,False,False,True,True,False,False,False,True,False,True,False,False,True,False,False,False,False,False,False,False,True,False,False,False,False,False,False,True,False,False,False,False,False,False,False,False,False,False,False,False,False,True,False,False,False,False,False,False,False,False,False,False,False,False,False,False,False,False,False,False,False,True,False,False,False,False,False,False,False,True
25,1,2,282.34,282.34,130.56,151.78,53.76,5.0,14.86,58.2,7,4.0,1709.0,3.0,11.4,4.0,16.2,5.0,28.8,0.0,1.0,0.0,1.0,1.0,1143,601,1,1.0,282.34,151.78,0.24701662292213472,0.5375788056952611,True,False,False,False,False,False,False,False,False,False,False,False,False,False,False,False,False,False,False,False,False,False,False,False,False,False,False,False,False,False,False,False,False,False,False,False,False,False,False,False,False,False,False,False,False,False,False,False,False,False,False,False,False,True,False,False,False,False,False,False,False,True,False,False,False,False,False,False,True,True,False,False,True,False,False,False,False,False,True,True,False,False,False,False,True,False,False,False,True,False,True,False,False,False,False,True,False,False,False,False,False,False,False,False,False,False,False,False,False,False,False,False,False,False,False,False,False,False,False,False,False,False,False,False,False,False,False,False,False,False,False,False,True,False,True,False
52,1,2,38.32,38.32,26.0,12.32,32.15,10.0,4.26,62.5,21,4.2,4553.0,5.0,24.76,1.0,1.6,19.0,43.2,0.0,0.0,0.0,1.0,1.0,803,620,1,1.0,38.32,12.32,0.04772104607721046,0.32150313152400833,False,False,True,False,False,False,False,False,False,False,False,False,False,False,False,False,False,False,False,False,False,False,False,False,False,False,False,False,False,False,False,False,False,False,False,False,False,False,False,True,False,False,False,False,False,False,False,False,False,False,False,False,False,False,False,False,False,False,False,False,False,False,False,True,False,False,False,False,True,True,False,False,False,False,False,False,True,False,False,False,False,False,True,False,True,False,False,False,True,False,True,False,False,False,False,False,False,False,False,False,False,False,False,False,False,False,False,False,False,False,False,False,False,True,False,False,False,False,False,False,False,False,False,False,True,False,False,False,False,False,False,False,False,False,True,False
72,1,2,170.69,170.69,101.72,68.97,40.41,10.0,18.97,23.7,47,4.2,2128.0,1.0,23.06,1.0,32.8,8.0,96.4,0.0,1.0,0.0,1.0,0.0,1336,720,1,1.0,170.69,68.97,0.12776197604790418,0.4040658503720195,True,True,False,False,False,False,False,False,False,False,False,True,False,False,False,False,False,False,False,False,False,False,False,False,False,False,False,False,False,False,False,False,False,False,False,False,False,False,False,False,False,False,False,False,True,False,False,False,False,False,False,False,False,False,False,False,False,False,False,False,False,True,False,False,False,False,True,False,False,True,False,True,False,False,False,False,False,False,False,False,False,False,False,True,True,False,False,False,False,True,True,False,False,False,False,False,False,True,False,False,False,False,False,False,False,False,False,False,False,False,False,False,False,False,False,False,False,False,False,False,False,False,False,False,False,False,False,False,True,False,False,False,False,False,False,False
66,1,4,200.32,200.32,134.24,66.08,32.99,0.0,0.0,19.6,30,4.2,4799.0,5.0,15.4,4.0,18.2,19.0,69.1,0.0,1.0,1.0,1.0,1.0,1631,230,1,1.0,200.32,66.08,0.12282035561005518,0.32987220447284343,False,True,False,False,False,True,False,False,False,False,False,False,False,False,False,False,False,False,False,False,False,False,False,False,False,False,False,False,False,False,False,False,False,False,False,False,False,False,False,False,False,False,False,False,False,True,False,False,False,False,False,False,False,False,False,False,False,False,False,False,False,False,True,False,False,False,True,False,False,True,False,True,False,False,False,False,False,False,True,False,True,False,False,False,True,False,False,False,False,False,False,False,False,False,False,False,False,False,False,False,False,False,False,False,False,False,True,False,False,False,False,False,False,False,False,False,False,False,False,False,False,False,False,True,False,False,False,False,False,False,False,False,False,False,True,False
38,1,3,602.37,602.37,303.63,298.74,49.59,0.0,0.0,57.9,50,3.9,2817.0,4.0,11.26,5.0,46.3,10.0,60.9,0.0,0.0,0.0,0.0,0.0,1072,323,1,1.0,602.37,298.74,0.5619123134328359,0.49594103291996616,False,False,True,False,False,False,False,False,False,False,False,True,False,False,False,False,False,False,False,False,False,False,False,False,False,False,False,False,False,False,False,False,False,False,True,False,False,False,False,False,False,False,False,False,False,False,False,False,False,False,False,False,False,False,False,False,False,False,False,False,False,True,False,False,False,False,False,True,False,True,False,False,False,False,False,True,False,False,True,False,False,False,False,False,False,False,False,False,False,False,False,False,True,False,False,False,False,False,False,False,True,False,False,False,False,False,False,False,False,False,False,False,False,False,False,False,False,False,False,False,False,False,False,False,False,False,True,False,False,False,False,False,False,False,False,False
30,1,5,692.5,692.5,319.1,373.4,53.92,0.0,0.0,23.7,24,3.4,3135.0,13.0,16.0,2.0,15.7,10.0,43.5,1.0,1.0,1.0,0.0,0.0,1231,162,1,1.0,692.5,373.4,0.5625507717303005,0.5392057761732851,True,False,False,False,False,False,False,False,True,False,False,False,False,False,False,False,False,False,False,False,False,False,False,False,False,False,False,False,False,False,False,False,False,False,False,False,False,False,False,False,False,False,False,False,False,False,False,False,False,False,False,True,False,False,False,False,False,False,False,False,False,True,False,False,False,True,False,False,False,True,False,False,True,False,False,False,False,False,False,False,False,False,False,True,False,False,False,True,False,False,False,True,False,False,False,False,False,False,False,True,False,False,False,False,False,False,False,False,False,False,False,False,False,False,False,False,False,False,False,False,False,False,True,False,False,False,False,False,False,False,False,False,False,False,True,False
30,1,5,633.89,633.89,369.8,264.09,41.66,5.0,33.36,6.1,29,4.7,824.0,1.0,2.48,5.0,52.2,19.0,56.8,0.0,0.0,0.0,0.0,0.0,1424,634,1,1.0,633.89,264.09,0.44514747191011234,0.41661802520942115,False,True,False,False,False,True,False,False,False,False,False,False,False,False,False,False,False,False,False,False,False,False,False,False,False,False,False,False,False,False,False,False,False,False,False,True,False,False,False,False,False,False,False,False,False,False,False,False,False,False,False,False,False,False,False,False,False,False,False,False,False,False,False,False,False,True,False,False,False,True,False,False,True,False,False,False,False,False,True,False,True,False,False,False,True,False,True,False,False,False,False,False,False,False,False,False,False,False,False,False,False,False,False,False,False,False,False,False,False,True,False,False,False,False,False,False,False,False,False,False,False,False,False,False,False,False,False,False,False,True,False,False,False,False,True,False
70,1,3,81.26,81.26,50.04,31.22,38.42,20.0,20.32,28.5,4,3.5,4899.0,11.0,7.28,3.0,17.0,11.0,69.5,0.0,0.0,1.0,1.0,1.0,1306,406,1,1.0,81.26,31.22,0.06222052067381317,0.38419886783165147,False,True,False,False,False,False,False,False,False,False,False,False,False,False,False,False,False,False,False,False,False,False,False,False,False,False,False,False,False,False,False,False,False,False,False,False,False,False,False,True,False,False,False,False,False,False,False,False,False,False,False,False,False,False,False,False,False,False,False,False,False,True,False,False,False,False,False,True,False,True,False,False,False,False,False,False,False,True,False,False,True,False,False,False,True,False,True,False,False,False,False,False,True,False,False,False,True,False,False,False,False,False,False,False,False,False,False,False,False,False,False,False,False,False,False,False,False,False,False,False,False,False,False,False,True,False,False,False,False,False,False,False,False,False,False,False
30,1,1,55.84,55.84,29.95,25.89,46.36,20.0,13.96,51.5,29,3.7,1468.0,8.0,24.05,3.0,27.3,8.0,46.9,0.0,0.0,0.0,0.0,1.0,1187,553,1,1.0,55.84,25.89,0.0470429654591407,0.46364613180515757,False,True,False,False,False,False,False,True,False,False,False,False,False,False,False,False,False,False,False,False,False,False,False,False,False,False,False,False,False,False,False,False,False,False,False,False,False,False,False,False,True,False,False,False,False,False,False,False,False,False,False,False,False,False,False,False,False,False,False,False,False,True,False,False,False,False,True,False,False,True,False,False,False,False,True,False,False,True,False,False,False,False,False,True,True,False,True,False,False,False,False,True,False,False,False,False,False,False,False,True,False,False,False,False,False,False,False,False,False,False,False,False,False,False,False,False,False,False,False,False,False,False,True,False,False,False,False,False,False,False,False,False,False,False,False,False
75,1,5,434.05,434.05,235.45,198.6,45.76,0.0,0.0,88.8,17,3.7,4857.0,11.0,4.28,4.0,28.0,7.0,60.0,0.0,1.0,0.0,0.0,1.0,550,536,1,1.0,434.05,198.6,0.7891818181818182,0.4575509733901624,False,True,False,False,False,True,False,False,False,False,False,False,False,False,False,False,False,False,False,False,False,False,False,False,False,False,False,False,False,False,False,False,False,False,False,True,False,False,False,False,False,False,False,False,False,False,False,False,False,False,False,False,False,False,False,False,False,False,False,False,False,True,False,False,False,False,True,False,False,True,False,False,True,False,False,False,True,False,True,False,False,False,True,False,True,False,False,False,True,False,False,False,False,False,False,False,False,False,False,False,False,False,False,False,False,False,False,False,False,False,False,False,False,False,True,False,False,False,False,False,False,False,False,False,False,True,False,False,False,False,False,False,False,False,False,False
49,1,5,476.41,476.41,302.5,173.91,36.5,10.0,52.94,38.7,8,3.5,493.0,13.0,9.78,3.0,31.4,19.0,59.3,0.0,0.0,1.0,0.0,0.0,601,412,1,1.0,476.41,173.91,0.7926955074875208,0.3650427153082429,True,False,True,False,False,False,False,False,False,False,True,False,False,False,False,False,False,False,False,False,False,False,False,False,False,False,False,False,False,False,False,False,False,False,False,False,False,True,False,False,False,False,False,False,False,False,False,False,False,False,False,False,False,False,False,False,False,False,False,False,False,False,True,False,False,False,False,False,True,False,True,False,True,False,False,False,False,True,False,False,False,False,False,True,True,False,False,False,True,False,False,False,False,False,False,False,False,False,False,False,False,False,False,False,False,False,True,False,False,False,False,False,False,False,False,False,False,False,False,False,True,False,False,False,False,False,False,False,False,False,False,False,False,False,False,False
24,1,3,231.27,231.27,110.34,120.93,52.29,0.0,0.0,79.5,7,4.8,1588.0,2.0,23.0,5.0,21.1,19.0,4.5,0.0,0.0,1.0,1.0,0.0,1767,518,1,1.0,231.27,120.93,0.13088285229202037,0.522895317161759,True,False,False,False,False,True,False,False,False,False,False,False,False,False,False,False,False,False,False,False,False,False,False,False,False,False,False,False,False,False,False,False,False,False,False,False,False,False,False,False,False,False,False,False,False,True,False,False,False,False,False,False,False,False,False,False,False,False,False,False,False,True,False,False,False,True,False,False,False,True,False,False,False,True,False,False,False,False,True,False,False,False,False,False,True,False,False,False,True,False,False,False,False,False,False,False,False,False,False,False,False,False,False,False,False,False,False,False,False,True,False,False,False,False,False,False,False,False,False,False,False,False,False,False,False,False,False,False,False,True,False,False,False,False,False,True
67,1,3,406.74,406.74,246.66,160.08,39.36,0.0,0.0,72.0,22,3.7,406.0,3.0,11.19,5.0,25.6,20.0,42.0,1.0,0.0,0.0,0.0,0.0,838,632,1,1.0,406.74,160.08,0.48536992840095466,0.3935683729163594,False,False,False,False,False,False,False,False,True,False,False,False,False,False,False,False,False,False,False,False,False,False,False,False,True,False,False,False,False,False,False,False,False,False,False,False,False,False,False,False,False,False,False,False,False,False,False,False,False,False,False,False,False,False,False,False,False,False,False,False,False,True,False,False,False,True,False,False,False,True,False,True,False,False,False,False,False,False,True,False,False,False,True,False,False,True,False,False,True,False,False,False,True,False,False,False,False,False,False,False,False,False,False,True,False,False,False,False,False,False,False,False,False,False,False,False,False,False,False,False,False,False,False,False,False,False,True,False,False,False,False,False,False,False,False,False
49,1,1,123.36,123.36,76.13,47.23,38.29,15.0,21.77,2.5,43,3.4,4353.0,1.0,8.73,3.0,10.7,2.0,97.8,1.0,0.0,1.0,0.0,0.0,1247,65,1,1.0,123.36,47.23,0.09892542101042502,0.38286316472114135,False,False,True,False,False,False,False,False,False,False,False,False,False,False,False,False,False,False,False,False,False,False,False,False,False,False,False,False,False,False,False,False,False,False,False,False,False,False,False,False,False,False,False,False,False,False,False,False,False,False,False,False,False,True,False,False,False,False,False,False,False,True,False,False,False,False,False,True,False,True,False,False,False,True,False,False,False,True,False,False,True,False,False,False,False,True,True,False,False,False,False,False,False,True,False,False,False,False,False,False,False,False,False,False,False,False,False,False,False,False,False,True,False,False,False,False,False,False,False,False,False,False,False,False,False,False,False,False,False,True,False,False,False,False,False,False
36,1,1,88.16,88.16,80.62,7.54,8.55,25.0,29.39,26.3,16,3.9,897.0,6.0,13.57,3.0,1.3,20.0,15.8,0.0,0.0,1.0,1.0,0.0,955,223,1,1.0,88.16,7.54,0.09231413612565445,0.08552631578947369,False,True,False,False,False,False,True,False,False,False,False,False,False,False,False,False,False,False,False,False,False,False,False,False,False,False,False,False,False,True,False,False,False,False,False,False,False,False,False,False,False,False,False,False,False,False,False,False,False,False,False,False,False,False,False,False,False,False,False,False,False,False,True,False,False,False,True,False,False,False,False,False,False,True,False,False,False,True,False,False,False,False,False,True,False,False,False,False,False,True,False,False,False,True,False,False,False,False,False,False,False,False,False,False,False,False,False,False,False,False,False,False,False,False,False,False,False,False,False,False,False,False,False,False,True,False,False,False,False,False,False,False,False,False,False,True
40,1,2,59.94,59.94,42.22,17.72,29.56,25.0,19.98,30.1,36,4.9,4694.0,10.0,10.35,1.0,23.9,6.0,61.1,0.0,0.0,0.0,1.0,1.0,1725,726,1,1.0,59.94,17.72,0.03474782608695652,0.29562896229562896,True,False,False,False,False,False,False,False,False,True,False,False,False,False,False,False,True,False,False,False,False,False,False,False,False,False,False,False,False,False,False,False,False,False,False,False,False,False,False,False,False,False,False,False,False,False,False,False,False,False,False,False,False,False,False,False,False,False,False,False,False,True,False,False,False,False,False,False,False,True,False,True,False,False,False,False,False,False,False,False,False,False,True,False,False,True,False,False,False,True,False,False,False,True,False,False,False,False,False,False,False,False,False,False,False,False,False,False,False,False,False,False,False,False,False,False,False,True,False,False,False,False,False,False,False,False,False,False,False,False,False,False,False,False,False,True
57,1,2,387.7,387.7,273.84,113.86,29.37,10.0,43.08,9.5,6,3.6,2971.0,11.0,7.05,1.0,16.5,9.0,22.2,0.0,0.0,0.0,1.0,1.0,1796,565,1,1.0,387.7,113.86,0.21586859688195992,0.2936806809388703,True,True,False,False,False,False,False,False,False,True,False,False,False,False,False,False,True,False,False,False,False,False,False,False,False,False,False,False,False,False,False,False,False,False,False,False,False,False,False,False,False,False,False,False,False,False,False,False,False,False,False,False,False,False,False,False,False,False,False,False,False,True,False,False,False,False,False,False,True,True,False,False,False,True,False,False,False,False,False,False,False,False,False,False,True,False,False,False,True,False,True,False,False,False,False,False,False,False,False,False,False,False,False,False,False,False,False,False,False,False,False,False,False,False,False,False,False,False,False,False,False,False,False,False,False,False,False,False,True,False,False,False,False,False,False,False
54,1,2,53.02,53.02,30.7,22.32,42.1,15.0,9.36,59.6,48,3.1,4436.0,7.0,14.74,1.0,2.1,8.0,69.2,0.0,0.0,1.0,1.0,0.0,238,118,1,1.0,53.02,22.32,0.2227731092436975,0.42097321765371554,True,True,False,False,False,False,False,False,False,False,True,False,False,False,False,False,False,False,False,False,False,False,False,False,False,False,False,False,False,False,False,False,False,False,False,False,False,True,False,False,False,False,False,False,False,False,False,False,False,False,False,False,False,False,False,False,False,False,False,False,False,True,False,False,False,True,False,False,False,True,False,True,False,False,False,False,True,False,False,False,False,False,False,False,False,False,False,False,True,False,False,False,False,True,False,False,False,False,False,False,False,False,False,False,False,False,False,False,False,False,False,True,False,False,False,False,False,False,False,False,False,False,False,False,True,False,False,False,False,False,False,False,False,False,False,False
18,1,1,77.54,77.54,37.34,40.2,51.84,5.0,4.08,63.7,24,3.8,3711.0,6.0,17.97,5.0,40.5,16.0,79.0,0.0,0.0,1.0,0.0,0.0,974,60,1,1.0,77.54,40.2,0.07960985626283368,0.5184420944028888,False,True,False,False,False,False,True,False,False,False,False,False,False,False,False,False,False,False,False,False,False,False,False,False,False,False,True,False,False,False,False,False,False,False,False,False,False,False,False,False,False,False,False,False,False,False,False,False,False,False,False,False,False,False,False,False,False,False,False,False,False,False,False,False,False,True,False,False,False,False,True,False,False,True,False,True,False,False,True,False,False,False,False,True,False,True,True,False,False,False,False,False,False,True,False,False,False,False,False,False,False,False,False,False,False,False,False,False,False,False,False,True,False,False,False,False,False,False,False,False,False,False,False,True,False,False,False,False,False,False,False,False,False,False,True,False
38,1,1,286.29,286.29,158.43,127.86,44.66,15.0,50.52,21.1,37,4.8,1672.0,10.0,17.86,2.0,19.3,10.0,44.1,1.0,0.0,0.0,0.0,1.0,1067,58,1,1.0,286.29,127.86,0.26831302717900657,0.4466100806874148,False,False,False,True,False,False,False,False,False,False,False,False,False,False,False,False,False,False,False,True,False,False,False,False,False,False,False,False,False,False,False,False,False,False,False,False,False,False,False,False,False,False,False,False,False,False,False,False,False,False,False,False,False,False,False,False,False,False,False,False,False,True,False,False,False,True,False,False,False,True,False,True,False,False,False,False,False,False,False,True,False,False,False,False,False,False,False,False,False,False,True,False,False,False,False,False,False,False,False,False,False,False,False,False,True,False,False,False,False,False,False,False,False,False,False,False,False,False,False,False,False,False,False,False,False,False,False,False,False,False,False,False,False,False,False,False
67,1,3,619.01,619.01,463.71,155.3,25.09,15.0,109.24,63.4,2,3.6,3117.0,2.0,17.27,2.0,15.7,16.0,48.7,0.0,0.0,0.0,1.0,1.0,776,158,1,1.0,619.01,155.3,0.7976932989690722,0.2508844768258994,True,False,True,False,False,False,False,False,True,False,False,False,False,False,False,False,False,False,False,False,False,False,False,False,False,False,False,False,False,False,False,False,False,False,False,False,False,False,False,False,False,False,False,False,False,False,False,False,False,False,False,True,False,False,False,False,False,False,False,False,False,True,False,False,False,False,False,False,True,True,False,True,False,False,False,False,False,False,False,False,False,False,False,True,False,True,False,False,False,True,False,False,True,False,False,False,False,False,False,False,True,False,False,False,False,False,False,False,False,False,False,False,False,False,False,False,False,False,False,False,False,False,False,False,False,False,False,False,True,False,False,False,False,False,True,False
29,1,5,1331.85,1331.85,903.75,428.1,32.14,0.0,0.0,99.5,40,4.3,2296.0,3.0,13.14,2.0,58.5,5.0,19.4,0.0,1.0,0.0,0.0,1.0,707,343,1,1.0,1331.85,428.1,1.8838048090523336,0.32143259376055866,True,False,False,False,False,False,False,False,False,False,True,False,False,False,False,False,False,False,False,False,False,False,False,False,False,False,False,False,False,False,False,True,False,False,False,False,False,False,False,False,False,False,False,False,False,False,False,False,False,False,False,False,False,False,False,False,False,False,False,False,False,True,False,False,False,False,True,False,False,True,False,False,True,False,False,True,False,False,False,False,True,False,False,False,True,False,True,False,False,False,True,False,False,False,False,False,False,False,False,False,False,False,False,False,False,False,False,False,False,False,True,False,False,False,False,False,False,False,False,False,False,True,False,False,False,False,False,False,False,False,False,False,False,False,False,True
46,1,3,396.84,396.84,174.66,222.18,55.99,0.0,0.0,17.0,36,4.4,3530.0,9.0,3.87,1.0,22.7,5.0,84.1,0.0,1.0,0.0,0.0,1.0,1494,358,1,1.0,396.84,222.18,0.26562248995983934,0.5598729966737225,True,False,False,False,False,False,False,True,False,False,False,False,False,False,False,False,False,False,False,False,False,False,False,False,False,False,False,False,False,False,False,False,False,False,False,False,False,False,False,False,False,False,False,False,False,False,False,False,False,False,False,False,False,False,False,False,False,True,False,False,False,True,False,False,False,False,False,False,True,True,False,False,True,False,False,False,False,False,False,False,False,False,False,True,True,False,True,False,False,False,False,False,False,False,False,False,False,False,False,False,False,False,False,False,False,False,True,False,False,False,False,False,False,False,False,False,False,False,False,False,False,False,False,False,False,False,False,False,False,False,True,False,False,False,True,False
72,1,5,416.53,416.53,199.3,217.23,52.15,5.0,21.92,81.8,22,4.0,388.0,1.0,13.37,4.0,18.5,19.0,96.0,0.0,1.0,1.0,1.0,1.0,1755,284,1,1.0,416.53,217.23,0.23733903133903134,0.5215230595635368,False,False,False,False,False,False,False,False,True,False,False,False,False,False,False,False,False,False,False,False,False,False,False,False,True,False,False,False,False,False,False,False,False,False,False,False,False,False,False,False,False,False,False,False,False,False,False,False,False,False,False,False,False,False,False,False,False,False,False,False,False,True,False,False,False,False,True,False,False,True,False,False,True,False,False,False,True,False,True,False,False,False,True,False,False,False,False,True,False,False,False,False,False,False,False,False,False,False,False,False,False,False,False,False,False,False,False,False,False,True,False,False,False,False,False,False,False,False,True,False,False,False,False,False,False,False,False,False,False,False,False,False,False,False,False,False
21,1,1,142.52,142.52,91.72,50.8,35.64,0.0,0.0,24.5,5,3.5,1478.0,7.0,16.49,3.0,41.6,20.0,99.6,0.0,0.0,0.0,1.0,0.0,1198,74,1,1.0,142.52,50.8,0.11896494156928214,0.35644120123491435,True,False,False,False,False,False,False,False,True,False,False,False,False,False,False,False,False,False,False,False,False,False,False,False,True,False,False,False,False,False,False,False,False,False,False,False,False,False,False,False,False,False,False,False,False,False,False,False,False,False,False,False,False,False,False,False,False,False,False,False,False,False,True,False,False,False,False,False,False,True,False,False,False,False,False,False,False,True,False,False,False,True,False,False,False,False,False,False,True,False,False,False,False,False,False,False,False,False,False,False,False,False,False,False,False,False,False,False,False,False,False,False,False,False,False,True,False,False,False,False,False,False,False,False,False,False,False,False,False,False,False,False,False,False,True,False
57,1,1,366.58,366.58,185.15,181.43,49.49,10.0,40.73,61.7,1,5.0,2834.0,12.0,7.4,3.0,51.7,14.0,70.6,0.0,1.0,1.0,1.0,1.0,343,246,1,1.0,366.58,181.43,1.068746355685131,0.49492607343553935,False,True,False,True,False,False,False,False,False,False,False,False,False,False,False,False,False,False,False,False,True,False,False,False,False,False,False,False,False,False,False,False,False,False,False,False,False,False,False,False,False,False,False,False,False,False,False,False,False,False,False,False,False,False,False,False,False,False,False,False,False,False,False,True,False,False,False,False,True,True,False,False,False,True,False,False,False,True,False,False,False,True,False,False,False,False,False,False,True,False,True,False,False,False,False,True,False,False,False,False,False,False,False,False,False,False,False,False,False,False,False,False,False,False,False,False,False,False,False,False,False,False,False,False,False,False,False,False,False,True,False,False,False,False,True,False
49,1,4,173.72,173.72,95.84,77.88,44.83,0.0,0.0,86.7,41,3.6,4286.0,4.0,11.74,2.0,39.9,18.0,60.8,0.0,0.0,1.0,1.0,1.0,672,606,1,1.0,173.72,77.88,0.2585119047619048,0.4483076214598204,False,False,False,True,False,False,False,False,False,False,False,False,False,False,False,False,False,False,False,True,False,False,False,False,False,False,False,False,False,False,False,False,False,False,False,False,False,False,False,False,False,False,False,False,False,False,False,False,False,False,False,False,False,False,False,False,False,False,False,False,False,False,False,False,True,False,True,False,False,True,False,False,False,False,False,False,False,False,False,True,False,False,False,False,False,False,False,False,True,False,False,True,False,False,False,False,False,False,False,False,False,False,False,False,False,False,False,False,False,False,False,False,True,False,False,False,False,False,True,False,False,False,False,False,False,False,False,False,False,False,False,False,False,False,False,True
20,1,2,235.24,235.24,102.46,132.78,56.44,0.0,0.0,96.5,16,4.1,1557.0,1.0,21.47,5.0,15.9,9.0,31.1,1.0,0.0,1.0,1.0,1.0,1017,94,1,1.0,235.24,132.78,0.2313077679449361,0.5644448223091311,True,True,False,False,False,False,False,False,False,True,False,False,False,False,False,False,False,False,False,False,False,False,False,False,False,False,False,False,False,False,False,False,False,False,False,False,False,False,False,False,False,False,False,False,False,False,False,False,False,False,False,False,False,False,False,False,False,False,False,True,False,True,False,False,False,False,False,False,True,True,False,False,True,False,False,False,False,False,True,False,False,False,False,True,True,False,False,False,False,True,False,False,True,False,False,False,True,False,False,False,False,False,False,False,False,False,False,False,False,False,False,False,False,False,False,False,False,False,False,False,False,False,False,True,False,False,False,False,False,False,False,False,False,False,False,False
23,1,4,1237.71,1237.71,755.24,482.47,38.98,25.0,412.57,13.0,25,4.8,4231.0,1.0,0.61,4.0,40.2,11.0,24.3,0.0,0.0,1.0,1.0,0.0,765,692,1,1.0,1237.71,482.47,1.617921568627451,0.38980859813688185,False,True,False,False,True,False,False,False,False,False,False,False,False,False,False,False,False,False,False,False,False,False,False,False,False,False,False,False,False,False,False,False,False,False,False,False,False,False,False,False,False,False,False,False,False,False,False,False,False,False,False,False,False,False,False,False,False,False,False,False,True,True,False,False,False,False,False,False,False,True,False,False,False,False,False,False,False,False,True,False,False,False,False,False,False,False,False,True,False,False,True,False,False,False,False,False,False,True,False,False,False,False,False,False,False,False,False,False,False,False,False,False,False,False,False,False,False,True,False,False,False,False,False,False,False,False,False,False,False,False,False,False,False,False,True,False
53,1,1,430.2,430.2,244.93,185.27,43.07,0.0,0.0,60.2,38,4.5,311.0,7.0,16.09,1.0,41.4,1.0,28.7,1.0,0.0,1.0,0.0,0.0,1495,723,1,1.0,430.2,185.27,0.2877591973244147,0.4306601580660158,False,False,False,False,False,False,False,False,True,False,False,False,False,False,False,False,False,False,False,False,False,False,False,False,False,False,False,False,False,False,False,False,False,False,False,False,False,False,False,False,False,False,False,False,False,False,False,False,False,False,False,False,False,False,True,False,False,False,False,False,False,False,False,True,False,False,False,False,True,True,False,True,False,False,False,False,False,False,False,False,False,False,False,False,False,False,False,False,True,False,True,False,False,False,False,False,False,False,False,False,False,False,False,False,True,False,False,False,False,False,False,False,False,False,False,False,False,False,False,False,False,False,False,False,False,False,False,False,False,False,False,False,False,False,False,True
35,1,4,201.82,201.82,106.68,95.14,47.14,10.0,22.42,71.2,25,4.6,3608.0,4.0,21.0,1.0,35.3,9.0,55.9,0.0,0.0,0.0,1.0,1.0,780,173,1,1.0,201.82,95.14,0.25874358974358974,0.4714101674759687,False,True,False,False,False,False,False,False,False,True,False,False,False,False,False,False,False,False,False,False,False,False,False,False,False,False,False,False,False,False,False,False,False,False,False,False,True,False,False,False,False,False,False,False,False,False,False,False,False,False,False,False,False,False,False,False,False,False,False,False,False,False,False,False,True,False,False,False,False,True,False,False,False,False,True,False,False,False,False,False,True,False,False,False,True,False,True,False,False,False,False,False,False,False,False,False,False,False,False,False,False,False,False,False,False,False,True,False,False,False,False,False,False,False,False,False,False,False,False,False,False,False,False,True,False,False,False,False,False,False,False,False,False,False,False,True
60,1,1,43.62,43.62,36.46,7.16,16.41,20.0,10.91,13.4,43,3.8,3495.0,11.0,0.21,5.0,31.2,10.0,93.8,0.0,0.0,1.0,1.0,0.0,788,532,1,1.0,43.62,7.16,0.05535532994923858,0.16414488766620816,False,False,False,False,False,False,False,False,False,False,False,False,False,False,False,False,False,False,True,False,False,False,False,False,False,False,False,False,False,False,False,False,False,False,False,False,False,False,False,False,False,False,False,False,False,False,False,False,False,False,False,False,False,False,False,False,False,False,False,False,False,True,False,False,False,False,False,False,False,True,False,False,False,True,False,True,False,False,True,False,True,False,False,False,False,True,False,False,True,False,False,False,False,False,False,False,False,False,False,False,False,False,False,False,False,False,False,False,False,True,False,False,False,False,False,True,False,False,False,False,False,False,False,False,False,False,False,False,False,False,False,False,False,False,True,False
68,1,4,412.05,412.05,375.52,36.53,8.87,25.0,137.35,27.0,1,3.5,73.0,12.0,17.77,2.0,59.0,3.0,20.1,0.0,1.0,1.0,0.0,1.0,769,264,1,1.0,412.05,36.53,0.5358257477243173,0.0886542895279699,True,True,False,False,False,False,False,False,False,False,True,False,False,False,False,False,False,False,False,False,False,False,False,False,False,False,False,False,True,False,False,False,False,False,False,False,False,False,False,False,False,False,False,False,False,False,False,False,False,False,False,False,False,False,False,False,False,False,False,False,False,True,False,False,False,False,False,False,True,True,False,False,True,False,False,True,False,False,False,False,False,True,False,False,True,False,False,True,False,False,False,False,False,True,False,False,False,False,False,False,False,False,False,False,False,False,False,True,False,False,False,False,False,False,False,False,False,False,False,False,False,False,False,False,False,False,True,False,False,False,False,False,False,False,False,False
34,1,4,194.94,194.94,129.8,65.14,33.42,10.0,21.66,61.7,20,3.5,713.0,8.0,9.52,5.0,20.0,10.0,80.2,0.0,1.0,0.0,1.0,0.0,1575,711,1,1.0,194.94,65.14,0.12377142857142857,0.334154098697035,False,False,True,True,False,False,False,False,False,False,False,False,False,False,False,False,False,False,False,True,False,False,False,False,False,False,False,False,False,False,False,False,False,False,False,False,False,False,False,False,False,False,False,False,False,False,False,False,False,False,False,False,False,False,False,False,False,False,False,False,False,False,False,True,False,False,False,False,False,True,False,False,False,True,False,False,False,False,True,False,False,True,False,False,True,False,True,False,False,False,False,False,True,False,False,False,False,False,False,False,False,False,False,True,False,False,False,False,False,False,False,False,False,False,False,False,False,False,False,False,False,False,False,False,False,False,False,False,False,False,False,False,True,False,False,True
59,1,1,113.46,113.46,67.58,45.88,40.44,20.0,28.37,39.4,2,4.6,2276.0,12.0,11.79,2.0,57.1,17.0,84.4,0.0,1.0,0.0,0.0,0.0,1361,463,1,1.0,113.46,45.88,0.0833651726671565,0.4043715846994536,True,False,False,False,False,False,True,False,False,False,False,False,False,False,False,False,False,False,False,False,False,False,False,False,False,False,False,False,False,False,False,False,False,False,False,False,False,False,False,False,False,False,True,False,False,False,False,False,False,False,False,False,False,False,False,False,False,False,False,False,False,True,False,False,False,False,True,False,False,True,False,True,False,False,True,False,False,False,False,False,False,False,False,False,False,True,False,False,False,True,False,True,False,False,False,False,False,False,False,False,False,False,False,False,False,False,False,False,False,False,False,False,True,False,False,False,False,False,False,False,False,False,False,False,False,False,False,False,False,False,False,False,False,True,False,False
53,1,4,596.0,596.0,280.0,316.0,53.02,0.0,0.0,26.3,30,4.4,4576.0,10.0,2.34,2.0,57.4,2.0,18.5,0.0,1.0,0.0,1.0,0.0,1218,433,1,1.0,596.0,316.0,0.48932676518883417,0.5302013422818792,True,True,False,False,False,False,True,False,False,False,False,False,False,False,False,False,False,False,False,False,False,False,False,False,False,False,True,False,False,False,False,False,False,False,False,False,False,False,False,False,False,False,False,False,False,False,False,False,False,False,False,False,False,False,False,False,False,False,False,False,False,True,False,False,False,False,False,False,False,True,False,False,False,True,True,False,False,False,False,True,False,False,False,False,True,False,True,False,False,False,False,False,False,True,False,False,False,False,False,False,False,False,False,False,False,False,False,False,False,False,False,False,False,False,False,False,False,False,False,False,False,False,False,False,False,True,False,False,False,False,False,False,False,False,False,False
52,1,3,603.37,603.37,255.57,347.8,57.64,5.0,31.76,38.1,3,4.3,668.0,9.0,6.79,4.0,41.9,18.0,70.7,1.0,0.0,0.0,1.0,0.0,1164,206,1,1.0,603.37,347.8,0.5183591065292096,0.5764290567976532,True,False,True,False,False,False,False,True,False,False,False,False,False,False,False,False,False,False,False,False,False,False,False,False,False,False,False,False,False,False,False,False,False,False,False,False,False,False,False,False,False,False,False,False,False,False,False,False,False,False,False,False,False,False,False,False,False,True,False,False,False,True,False,False,False,False,True,False,False,True,False,True,False,False,False,False,False,False,True,False,False,False,False,True,True,False,False,False,True,False,False,False,True,False,True,False,False,False,False,False,False,False,False,False,False,False,False,False,False,False,False,False,False,False,False,False,False,False,False,False,False,False,True,False,False,False,False,False,False,False,False,False,False,False,False,True
56,1,3,272.56,272.56,201.36,71.2,26.12,10.0,30.29,2.5,16,3.1,4214.0,7.0,11.64,4.0,49.5,18.0,20.7,0.0,0.0,0.0,0.0,1.0,1301,26,1,1.0,272.56,71.2,0.20950038431975404,0.26122688582330494,False,True,False,False,False,False,False,False,True,False,False,False,False,False,False,False,False,False,False,False,False,False,False,False,True,False,False,False,False,False,False,False,False,False,False,False,False,False,False,False,False,False,False,False,False,False,False,False,False,False,False,False,False,False,False,False,False,False,False,False,False,True,False,False,False,False,False,True,False,True,False,False,False,True,False,False,False,False,True,False,False,False,False,True,False,False,False,True,False,False,False,False,False,False,False,False,False,False,False,False,False,False,False,False,False,False,False,False,False,True,False,False,False,False,False,False,False,False,False,False,False,False,False,False,False,False,False,False,True,False,False,False,False,False,True,False
70,1,1,429.05,429.05,279.23,149.82,34.92,10.0,47.67,39.1,22,3.1,1624.0,14.0,2.55,1.0,21.6,12.0,61.8,1.0,0.0,1.0,1.0,0.0,1323,583,1,1.0,429.05,149.82,0.3243008314436886,0.34919007108728584,True,True,False,False,False,False,False,False,False,True,False,False,False,False,False,False,False,False,False,False,False,False,False,False,False,False,False,False,False,False,False,False,False,False,False,False,False,False,False,False,False,False,False,False,False,False,False,False,False,False,False,False,True,False,False,False,False,False,False,False,False,True,False,False,False,False,False,False,False,True,False,False,True,False,False,False,True,False,False,False,False,True,False,False,False,False,False,False,False,True,True,False,False,False,False,False,False,False,False,False,False,False,False,False,False,False,False,False,False,False,True,False,False,False,False,False,False,False,False,False,False,False,False,False,False,False,False,True,False,False,False,False,False,False,True,False
62,1,4,312.97,312.97,222.48,90.49,28.91,5.0,16.47,2.2,41,4.4,2850.0,7.0,8.54,5.0,19.7,4.0,70.2,1.0,1.0,0.0,0.0,0.0,1528,36,1,1.0,312.97,90.49,0.2048232984293194,0.2891331437517973,True,True,False,False,False,False,False,False,False,False,True,False,False,False,False,False,False,False,False,False,False,False,False,False,False,False,False,False,True,False,False,False,False,False,False,False,False,False,False,False,False,False,False,False,False,False,False,False,False,False,False,False,False,False,False,False,False,False,False,False,False,False,True,False,False,False,True,False,False,False,True,False,True,False,False,False,False,False,True,False,True,False,False,False,False,False,True,False,False,False,False,False,False,True,False,False,False,False,False,False,False,False,False,False,False,False,False,False,False,False,False,False,False,False,False,False,False,False,False,False,False,False,False,False,False,False,False,False,False,False,False,False,False,False,True,False
72,1,5,366.99,366.99,288.7,78.29,21.33,15.0,64.76,36.2,27,3.9,3786.0,13.0,13.46,5.0,54.3,19.0,83.4,0.0,1.0,0.0,0.0,0.0,1730,70,1,1.0,366.99,78.29,0.21213294797687862,0.2133300634894684,True,True,False,False,False,False,False,False,False,False,False,True,False,False,False,False,False,False,False,False,False,False,False,False,False,False,False,False,False,False,True,False,False,False,False,False,False,False,False,False,False,False,False,False,False,False,False,False,False,False,False,False,False,False,False,False,False,False,False,False,False,True,False,False,False,False,True,False,False,True,False,False,False,True,False,False,False,False,True,True,False,False,False,False,True,False,False,False,False,True,False,False,True,False,False,False,False,False,False,False,True,False,False,False,False,False,False,False,False,False,False,False,False,False,False,False,False,False,False,False,False,False,False,False,False,False,False,False,False,False,False,False,False,False,False,True
37,1,4,262.58,262.58,121.76,140.82,53.63,10.0,29.18,36.9,1,4.4,4898.0,11.0,20.83,4.0,58.4,8.0,42.6,1.0,0.0,0.0,0.0,1.0,1703,100,1,1.0,262.58,140.82,0.15418672930123312,0.5362937009673242,True,False,False,False,False,False,False,False,False,False,False,True,False,False,False,False,False,False,False,False,False,False,False,False,False,False,False,False,False,False,False,False,False,False,False,False,False,False,False,False,False,False,False,False,True,False,False,False,False,False,False,False,False,False,False,False,False,False,False,False,False,False,False,False,True,True,False,False,False,True,False,False,True,False,False,False,False,False,True,False,True,False,False,False,False,False,False,False,False,False,False,False,False,True,False,False,False,False,False,False,False,False,False,False,False,False,False,False,False,False,False,False,False,False,False,False,False,False,False,False,False,False,False,False,False,False,False,True,False,False,False,False,False,False,False,True
54,1,5,1171.87,1171.87,629.15,542.72,46.31,5.0,61.68,98.0,3,3.6,2030.0,1.0,4.9,2.0,9.7,2.0,16.9,0.0,0.0,1.0,0.0,0.0,1745,621,1,1.0,1171.87,542.72,0.6715587392550143,0.4631230426583154,False,True,False,False,False,False,False,True,False,False,False,False,False,False,False,False,False,False,False,False,False,False,False,False,False,True,False,False,False,False,False,False,False,False,False,False,False,False,False,False,False,False,False,False,False,False,False,False,False,False,False,False,False,False,False,False,False,False,False,False,False,True,False,False,False,False,False,False,True,True,False,False,False,False,False,False,False,False,False,False,False,False,False,False,True,False,True,False,False,False,False,False,False,True,False,False,False,False,False,False,False,False,False,False,False,False,False,True,False,False,False,False,False,False,False,True,False,False,False,False,False,False,False,False,False,False,False,False,False,False,False,False,False,False,False,False
67,1,2,292.94,292.94,175.52,117.42,40.08,5.0,15.42,55.2,39,4.6,135.0,11.0,6.48,2.0,27.9,14.0,13.0,0.0,1.0,0.0,0.0,1.0,942,137,1,1.0,292.94,117.42,0.31097664543524417,0.4008329350720284,True,True,False,False,True,False,False,False,False,False,False,False,False,False,False,False,False,False,False,False,False,False,False,False,False,False,False,False,False,False,False,False,False,False,False,False,False,False,False,False,False,False,False,False,False,False,False,False,False,False,False,False,False,False,False,False,False,False,False,False,True,True,False,False,False,False,False,False,True,True,False,True,False,False,False,False,False,False,False,False,True,False,False,False,False,True,False,False,False,True,False,True,False,False,False,False,False,False,False,False,False,False,False,False,False,False,False,False,False,False,False,False,True,False,False,False,False,False,False,False,False,False,False,False,False,False,False,False,False,False,False,False,False,True,False,False
60,1,2,32.75,32.75,18.18,14.57,44.49,20.0,8.19,13.9,38,4.8,3321.0,2.0,3.47,2.0,7.0,7.0,80.7,0.0,0.0,1.0,1.0,0.0,266,182,1,1.0,32.75,14.57,0.1231203007518797,0.4448854961832061,True,False,False,False,False,False,False,True,False,False,False,False,False,False,False,False,False,False,False,False,False,False,False,False,False,False,False,False,False,False,False,False,False,False,False,False,False,False,False,False,False,False,False,False,False,False,False,False,False,False,True,False,False,False,False,False,False,False,False,False,False,True,False,False,False,False,False,True,False,True,False,False,False,False,False,False,False,False,False,False,False,False,False,True,False,True,False,False,False,False,False,True,False,False,False,False,False,False,False,False,False,False,False,False,False,False,False,False,True,False,False,False,False,False,False,False,False,False,False,False,False,False,False,False,False,False,False,False,False,True,False,False,False,False,False,False
